--
-- PostgreSQL database dump
--

SET statement_timeout = 0;
SET client_encoding = 'UTF8';
SET standard_conforming_strings = on;
SET check_function_bodies = false;
SET client_min_messages = warning;

--
-- Name: plpgsql; Type: EXTENSION; Schema: -; Owner: 
--

CREATE EXTENSION IF NOT EXISTS plpgsql WITH SCHEMA pg_catalog;


--
-- Name: EXTENSION plpgsql; Type: COMMENT; Schema: -; Owner: 
--

COMMENT ON EXTENSION plpgsql IS 'PL/pgSQL procedural language';


SET search_path = public, pg_catalog;

SET default_tablespace = '';

SET default_with_oids = false;

--
-- Name: auth_group; Type: TABLE; Schema: public; Owner: eventususer; Tablespace: 
--

CREATE TABLE auth_group (
    id integer NOT NULL,
    name character varying(80) NOT NULL
);


ALTER TABLE public.auth_group OWNER TO eventususer;

--
-- Name: auth_group_id_seq; Type: SEQUENCE; Schema: public; Owner: eventususer
--

CREATE SEQUENCE auth_group_id_seq
    START WITH 1
    INCREMENT BY 1
    NO MINVALUE
    NO MAXVALUE
    CACHE 1;


ALTER TABLE public.auth_group_id_seq OWNER TO eventususer;

--
-- Name: auth_group_id_seq; Type: SEQUENCE OWNED BY; Schema: public; Owner: eventususer
--

ALTER SEQUENCE auth_group_id_seq OWNED BY auth_group.id;


--
-- Name: auth_group_permissions; Type: TABLE; Schema: public; Owner: eventususer; Tablespace: 
--

CREATE TABLE auth_group_permissions (
    id integer NOT NULL,
    group_id integer NOT NULL,
    permission_id integer NOT NULL
);


ALTER TABLE public.auth_group_permissions OWNER TO eventususer;

--
-- Name: auth_group_permissions_id_seq; Type: SEQUENCE; Schema: public; Owner: eventususer
--

CREATE SEQUENCE auth_group_permissions_id_seq
    START WITH 1
    INCREMENT BY 1
    NO MINVALUE
    NO MAXVALUE
    CACHE 1;


ALTER TABLE public.auth_group_permissions_id_seq OWNER TO eventususer;

--
-- Name: auth_group_permissions_id_seq; Type: SEQUENCE OWNED BY; Schema: public; Owner: eventususer
--

ALTER SEQUENCE auth_group_permissions_id_seq OWNED BY auth_group_permissions.id;


--
-- Name: auth_permission; Type: TABLE; Schema: public; Owner: eventususer; Tablespace: 
--

CREATE TABLE auth_permission (
    id integer NOT NULL,
    name character varying(50) NOT NULL,
    content_type_id integer NOT NULL,
    codename character varying(100) NOT NULL
);


ALTER TABLE public.auth_permission OWNER TO eventususer;

--
-- Name: auth_permission_id_seq; Type: SEQUENCE; Schema: public; Owner: eventususer
--

CREATE SEQUENCE auth_permission_id_seq
    START WITH 1
    INCREMENT BY 1
    NO MINVALUE
    NO MAXVALUE
    CACHE 1;


ALTER TABLE public.auth_permission_id_seq OWNER TO eventususer;

--
-- Name: auth_permission_id_seq; Type: SEQUENCE OWNED BY; Schema: public; Owner: eventususer
--

ALTER SEQUENCE auth_permission_id_seq OWNED BY auth_permission.id;


--
-- Name: django_admin_log; Type: TABLE; Schema: public; Owner: eventususer; Tablespace: 
--

CREATE TABLE django_admin_log (
    id integer NOT NULL,
    action_time timestamp with time zone NOT NULL,
    object_id text,
    object_repr character varying(200) NOT NULL,
    action_flag smallint NOT NULL,
    change_message text NOT NULL,
    content_type_id integer,
    user_id integer NOT NULL,
    CONSTRAINT django_admin_log_action_flag_check CHECK ((action_flag >= 0))
);


ALTER TABLE public.django_admin_log OWNER TO eventususer;

--
-- Name: django_admin_log_id_seq; Type: SEQUENCE; Schema: public; Owner: eventususer
--

CREATE SEQUENCE django_admin_log_id_seq
    START WITH 1
    INCREMENT BY 1
    NO MINVALUE
    NO MAXVALUE
    CACHE 1;


ALTER TABLE public.django_admin_log_id_seq OWNER TO eventususer;

--
-- Name: django_admin_log_id_seq; Type: SEQUENCE OWNED BY; Schema: public; Owner: eventususer
--

ALTER SEQUENCE django_admin_log_id_seq OWNED BY django_admin_log.id;


--
-- Name: django_content_type; Type: TABLE; Schema: public; Owner: eventususer; Tablespace: 
--

CREATE TABLE django_content_type (
    id integer NOT NULL,
    name character varying(100) NOT NULL,
    app_label character varying(100) NOT NULL,
    model character varying(100) NOT NULL
);


ALTER TABLE public.django_content_type OWNER TO eventususer;

--
-- Name: django_content_type_id_seq; Type: SEQUENCE; Schema: public; Owner: eventususer
--

CREATE SEQUENCE django_content_type_id_seq
    START WITH 1
    INCREMENT BY 1
    NO MINVALUE
    NO MAXVALUE
    CACHE 1;


ALTER TABLE public.django_content_type_id_seq OWNER TO eventususer;

--
-- Name: django_content_type_id_seq; Type: SEQUENCE OWNED BY; Schema: public; Owner: eventususer
--

ALTER SEQUENCE django_content_type_id_seq OWNED BY django_content_type.id;


--
-- Name: django_migrations; Type: TABLE; Schema: public; Owner: eventususer; Tablespace: 
--

CREATE TABLE django_migrations (
    id integer NOT NULL,
    app character varying(255) NOT NULL,
    name character varying(255) NOT NULL,
    applied timestamp with time zone NOT NULL
);


ALTER TABLE public.django_migrations OWNER TO eventususer;

--
-- Name: django_migrations_id_seq; Type: SEQUENCE; Schema: public; Owner: eventususer
--

CREATE SEQUENCE django_migrations_id_seq
    START WITH 1
    INCREMENT BY 1
    NO MINVALUE
    NO MAXVALUE
    CACHE 1;


ALTER TABLE public.django_migrations_id_seq OWNER TO eventususer;

--
-- Name: django_migrations_id_seq; Type: SEQUENCE OWNED BY; Schema: public; Owner: eventususer
--

ALTER SEQUENCE django_migrations_id_seq OWNED BY django_migrations.id;


--
-- Name: django_session; Type: TABLE; Schema: public; Owner: eventususer; Tablespace: 
--

CREATE TABLE django_session (
    session_key character varying(40) NOT NULL,
    session_data text NOT NULL,
    expire_date timestamp with time zone NOT NULL
);


ALTER TABLE public.django_session OWNER TO eventususer;

--
-- Name: events_assistant; Type: TABLE; Schema: public; Owner: eventususer; Tablespace: 
--

CREATE TABLE events_assistant (
    id integer NOT NULL,
    created timestamp with time zone NOT NULL,
    modified timestamp with time zone NOT NULL,
    attended boolean NOT NULL,
    has_paid boolean NOT NULL,
    assistant_id integer NOT NULL
);


ALTER TABLE public.events_assistant OWNER TO eventususer;

--
-- Name: events_assistant_event; Type: TABLE; Schema: public; Owner: eventususer; Tablespace: 
--

CREATE TABLE events_assistant_event (
    id integer NOT NULL,
    assistant_id integer NOT NULL,
    event_id integer NOT NULL
);


ALTER TABLE public.events_assistant_event OWNER TO eventususer;

--
-- Name: events_assistant_event_id_seq; Type: SEQUENCE; Schema: public; Owner: eventususer
--

CREATE SEQUENCE events_assistant_event_id_seq
    START WITH 1
    INCREMENT BY 1
    NO MINVALUE
    NO MAXVALUE
    CACHE 1;


ALTER TABLE public.events_assistant_event_id_seq OWNER TO eventususer;

--
-- Name: events_assistant_event_id_seq; Type: SEQUENCE OWNED BY; Schema: public; Owner: eventususer
--

ALTER SEQUENCE events_assistant_event_id_seq OWNED BY events_assistant_event.id;


--
-- Name: events_assistant_id_seq; Type: SEQUENCE; Schema: public; Owner: eventususer
--

CREATE SEQUENCE events_assistant_id_seq
    START WITH 1
    INCREMENT BY 1
    NO MINVALUE
    NO MAXVALUE
    CACHE 1;


ALTER TABLE public.events_assistant_id_seq OWNER TO eventususer;

--
-- Name: events_assistant_id_seq; Type: SEQUENCE OWNED BY; Schema: public; Owner: eventususer
--

ALTER SEQUENCE events_assistant_id_seq OWNED BY events_assistant.id;


--
-- Name: events_category; Type: TABLE; Schema: public; Owner: eventususer; Tablespace: 
--

CREATE TABLE events_category (
    id integer NOT NULL,
    name character varying(50) NOT NULL,
    slug character varying(50) NOT NULL
);


ALTER TABLE public.events_category OWNER TO eventususer;

--
-- Name: events_category_id_seq; Type: SEQUENCE; Schema: public; Owner: eventususer
--

CREATE SEQUENCE events_category_id_seq
    START WITH 1
    INCREMENT BY 1
    NO MINVALUE
    NO MAXVALUE
    CACHE 1;


ALTER TABLE public.events_category_id_seq OWNER TO eventususer;

--
-- Name: events_category_id_seq; Type: SEQUENCE OWNED BY; Schema: public; Owner: eventususer
--

ALTER SEQUENCE events_category_id_seq OWNED BY events_category.id;


--
-- Name: events_comments; Type: TABLE; Schema: public; Owner: eventususer; Tablespace: 
--

CREATE TABLE events_comments (
    id integer NOT NULL,
    created timestamp with time zone NOT NULL,
    modified timestamp with time zone NOT NULL,
    content text NOT NULL,
    event_id integer NOT NULL,
    user_id integer NOT NULL
);


ALTER TABLE public.events_comments OWNER TO eventususer;

--
-- Name: events_comments_id_seq; Type: SEQUENCE; Schema: public; Owner: eventususer
--

CREATE SEQUENCE events_comments_id_seq
    START WITH 1
    INCREMENT BY 1
    NO MINVALUE
    NO MAXVALUE
    CACHE 1;


ALTER TABLE public.events_comments_id_seq OWNER TO eventususer;

--
-- Name: events_comments_id_seq; Type: SEQUENCE OWNED BY; Schema: public; Owner: eventususer
--

ALTER SEQUENCE events_comments_id_seq OWNED BY events_comments.id;


--
-- Name: events_event; Type: TABLE; Schema: public; Owner: eventususer; Tablespace: 
--

CREATE TABLE events_event (
    id integer NOT NULL,
    created timestamp with time zone NOT NULL,
    modified timestamp with time zone NOT NULL,
    name character varying(200) NOT NULL,
    slug character varying(50) NOT NULL,
    summary text NOT NULL,
    content text NOT NULL,
    place character varying(50) NOT NULL,
    start timestamp with time zone NOT NULL,
    finish timestamp with time zone NOT NULL,
    imagen character varying(100) NOT NULL,
    is_free boolean NOT NULL,
    amount numeric(5,2) NOT NULL,
    views integer NOT NULL,
    category_id integer NOT NULL,
    organizer_id integer NOT NULL,
    CONSTRAINT events_event_views_check CHECK ((views >= 0))
);


ALTER TABLE public.events_event OWNER TO eventususer;

--
-- Name: events_event_id_seq; Type: SEQUENCE; Schema: public; Owner: eventususer
--

CREATE SEQUENCE events_event_id_seq
    START WITH 1
    INCREMENT BY 1
    NO MINVALUE
    NO MAXVALUE
    CACHE 1;


ALTER TABLE public.events_event_id_seq OWNER TO eventususer;

--
-- Name: events_event_id_seq; Type: SEQUENCE OWNED BY; Schema: public; Owner: eventususer
--

ALTER SEQUENCE events_event_id_seq OWNED BY events_event.id;


--
-- Name: users_user; Type: TABLE; Schema: public; Owner: eventususer; Tablespace: 
--

CREATE TABLE users_user (
    id integer NOT NULL,
    password character varying(128) NOT NULL,
    last_login timestamp with time zone NOT NULL,
    is_superuser boolean NOT NULL,
    username character varying(100) NOT NULL,
    email character varying(75) NOT NULL,
    first_name character varying(100) NOT NULL,
    last_name character varying(100) NOT NULL,
    avatar character varying(100) NOT NULL,
    is_active boolean NOT NULL,
    is_staff boolean NOT NULL
);


ALTER TABLE public.users_user OWNER TO eventususer;

--
-- Name: users_user_groups; Type: TABLE; Schema: public; Owner: eventususer; Tablespace: 
--

CREATE TABLE users_user_groups (
    id integer NOT NULL,
    user_id integer NOT NULL,
    group_id integer NOT NULL
);


ALTER TABLE public.users_user_groups OWNER TO eventususer;

--
-- Name: users_user_groups_id_seq; Type: SEQUENCE; Schema: public; Owner: eventususer
--

CREATE SEQUENCE users_user_groups_id_seq
    START WITH 1
    INCREMENT BY 1
    NO MINVALUE
    NO MAXVALUE
    CACHE 1;


ALTER TABLE public.users_user_groups_id_seq OWNER TO eventususer;

--
-- Name: users_user_groups_id_seq; Type: SEQUENCE OWNED BY; Schema: public; Owner: eventususer
--

ALTER SEQUENCE users_user_groups_id_seq OWNED BY users_user_groups.id;


--
-- Name: users_user_id_seq; Type: SEQUENCE; Schema: public; Owner: eventususer
--

CREATE SEQUENCE users_user_id_seq
    START WITH 1
    INCREMENT BY 1
    NO MINVALUE
    NO MAXVALUE
    CACHE 1;


ALTER TABLE public.users_user_id_seq OWNER TO eventususer;

--
-- Name: users_user_id_seq; Type: SEQUENCE OWNED BY; Schema: public; Owner: eventususer
--

ALTER SEQUENCE users_user_id_seq OWNED BY users_user.id;


--
-- Name: users_user_user_permissions; Type: TABLE; Schema: public; Owner: eventususer; Tablespace: 
--

CREATE TABLE users_user_user_permissions (
    id integer NOT NULL,
    user_id integer NOT NULL,
    permission_id integer NOT NULL
);


ALTER TABLE public.users_user_user_permissions OWNER TO eventususer;

--
-- Name: users_user_user_permissions_id_seq; Type: SEQUENCE; Schema: public; Owner: eventususer
--

CREATE SEQUENCE users_user_user_permissions_id_seq
    START WITH 1
    INCREMENT BY 1
    NO MINVALUE
    NO MAXVALUE
    CACHE 1;


ALTER TABLE public.users_user_user_permissions_id_seq OWNER TO eventususer;

--
-- Name: users_user_user_permissions_id_seq; Type: SEQUENCE OWNED BY; Schema: public; Owner: eventususer
--

ALTER SEQUENCE users_user_user_permissions_id_seq OWNED BY users_user_user_permissions.id;


--
-- Name: id; Type: DEFAULT; Schema: public; Owner: eventususer
--

ALTER TABLE ONLY auth_group ALTER COLUMN id SET DEFAULT nextval('auth_group_id_seq'::regclass);


--
-- Name: id; Type: DEFAULT; Schema: public; Owner: eventususer
--

ALTER TABLE ONLY auth_group_permissions ALTER COLUMN id SET DEFAULT nextval('auth_group_permissions_id_seq'::regclass);


--
-- Name: id; Type: DEFAULT; Schema: public; Owner: eventususer
--

ALTER TABLE ONLY auth_permission ALTER COLUMN id SET DEFAULT nextval('auth_permission_id_seq'::regclass);


--
-- Name: id; Type: DEFAULT; Schema: public; Owner: eventususer
--

ALTER TABLE ONLY django_admin_log ALTER COLUMN id SET DEFAULT nextval('django_admin_log_id_seq'::regclass);


--
-- Name: id; Type: DEFAULT; Schema: public; Owner: eventususer
--

ALTER TABLE ONLY django_content_type ALTER COLUMN id SET DEFAULT nextval('django_content_type_id_seq'::regclass);


--
-- Name: id; Type: DEFAULT; Schema: public; Owner: eventususer
--

ALTER TABLE ONLY django_migrations ALTER COLUMN id SET DEFAULT nextval('django_migrations_id_seq'::regclass);


--
-- Name: id; Type: DEFAULT; Schema: public; Owner: eventususer
--

ALTER TABLE ONLY events_assistant ALTER COLUMN id SET DEFAULT nextval('events_assistant_id_seq'::regclass);


--
-- Name: id; Type: DEFAULT; Schema: public; Owner: eventususer
--

ALTER TABLE ONLY events_assistant_event ALTER COLUMN id SET DEFAULT nextval('events_assistant_event_id_seq'::regclass);


--
-- Name: id; Type: DEFAULT; Schema: public; Owner: eventususer
--

ALTER TABLE ONLY events_category ALTER COLUMN id SET DEFAULT nextval('events_category_id_seq'::regclass);


--
-- Name: id; Type: DEFAULT; Schema: public; Owner: eventususer
--

ALTER TABLE ONLY events_comments ALTER COLUMN id SET DEFAULT nextval('events_comments_id_seq'::regclass);


--
-- Name: id; Type: DEFAULT; Schema: public; Owner: eventususer
--

ALTER TABLE ONLY events_event ALTER COLUMN id SET DEFAULT nextval('events_event_id_seq'::regclass);


--
-- Name: id; Type: DEFAULT; Schema: public; Owner: eventususer
--

ALTER TABLE ONLY users_user ALTER COLUMN id SET DEFAULT nextval('users_user_id_seq'::regclass);


--
-- Name: id; Type: DEFAULT; Schema: public; Owner: eventususer
--

ALTER TABLE ONLY users_user_groups ALTER COLUMN id SET DEFAULT nextval('users_user_groups_id_seq'::regclass);


--
-- Name: id; Type: DEFAULT; Schema: public; Owner: eventususer
--

ALTER TABLE ONLY users_user_user_permissions ALTER COLUMN id SET DEFAULT nextval('users_user_user_permissions_id_seq'::regclass);


--
-- Data for Name: auth_group; Type: TABLE DATA; Schema: public; Owner: eventususer
--

COPY auth_group (id, name) FROM stdin;
\.


--
-- Name: auth_group_id_seq; Type: SEQUENCE SET; Schema: public; Owner: eventususer
--

SELECT pg_catalog.setval('auth_group_id_seq', 1, false);


--
-- Data for Name: auth_group_permissions; Type: TABLE DATA; Schema: public; Owner: eventususer
--

COPY auth_group_permissions (id, group_id, permission_id) FROM stdin;
\.


--
-- Name: auth_group_permissions_id_seq; Type: SEQUENCE SET; Schema: public; Owner: eventususer
--

SELECT pg_catalog.setval('auth_group_permissions_id_seq', 1, false);


--
-- Data for Name: auth_permission; Type: TABLE DATA; Schema: public; Owner: eventususer
--

COPY auth_permission (id, name, content_type_id, codename) FROM stdin;
1	Can add log entry	1	add_logentry
2	Can change log entry	1	change_logentry
3	Can delete log entry	1	delete_logentry
4	Can add permission	2	add_permission
5	Can change permission	2	change_permission
6	Can delete permission	2	delete_permission
7	Can add group	3	add_group
8	Can change group	3	change_group
9	Can delete group	3	delete_group
10	Can add content type	4	add_contenttype
11	Can change content type	4	change_contenttype
12	Can delete content type	4	delete_contenttype
13	Can add session	5	add_session
14	Can change session	5	change_session
15	Can delete session	5	delete_session
16	Can add category	6	add_category
17	Can change category	6	change_category
18	Can delete category	6	delete_category
19	Can add event	7	add_event
20	Can change event	7	change_event
21	Can delete event	7	delete_event
22	Can add assistant	8	add_assistant
23	Can change assistant	8	change_assistant
24	Can delete assistant	8	delete_assistant
25	Can add comments	9	add_comments
26	Can change comments	9	change_comments
27	Can delete comments	9	delete_comments
28	Can add user	10	add_user
29	Can change user	10	change_user
30	Can delete user	10	delete_user
\.


--
-- Name: auth_permission_id_seq; Type: SEQUENCE SET; Schema: public; Owner: eventususer
--

SELECT pg_catalog.setval('auth_permission_id_seq', 30, true);


--
-- Data for Name: django_admin_log; Type: TABLE DATA; Schema: public; Owner: eventususer
--

COPY django_admin_log (id, action_time, object_id, object_repr, action_flag, change_message, content_type_id, user_id) FROM stdin;
1	2014-10-24 17:33:13.519844-05	1	Negocios	1		6	1
2	2014-10-24 17:33:30.793908-05	2	Tecnología	1		6	1
3	2014-10-24 17:33:40.727703-05	3	Salud	1		6	1
4	2014-10-24 17:34:01.695041-05	4	Películas	1		6	1
5	2014-10-24 17:34:22.339437-05	5	Deportes	1		6	1
6	2014-10-24 17:35:21.666123-05	6	Familia	1		6	1
7	2014-10-24 17:35:33.081119-05	7	Otros	1		6	1
8	2014-10-24 17:39:10.488607-05	2	juliogrados	1		10	1
9	2014-10-24 17:39:28.405095-05	3	victorvillazon	1		10	1
10	2014-10-24 18:02:39.471897-05	1	LO MEJOR DE LA LOGISTICA	1		7	1
11	2014-10-24 18:07:25.85829-05	2	Manejo Integral Síndrome Prader Willi	1		7	1
12	2014-10-24 18:07:26.766121-05	3	I encuentro de ingenieros industriales	1		7	1
13	2014-10-24 18:07:41.117609-05	1	Lo mejor de la logística	2	Changed name.	7	1
14	2014-10-24 18:10:42.070572-05	4	Coderetreat 2014 - Lima en la UPC	1		7	1
15	2014-10-24 18:13:13.741871-05	5	Fundamentos para crear páginas webs con wordpress	1		7	1
16	2014-10-24 18:14:33.089106-05	6	Lima DevFest 2014	1		7	1
17	2014-10-31 10:39:22.290599-05	6	Lima DevFest 2014	2	Changed imagen.	7	1
18	2014-10-31 10:39:58.366189-05	5	Fundamentos para crear páginas webs con wordpress	2	Changed imagen.	7	1
19	2014-10-31 10:40:17.557888-05	4	Coderetreat 2014 - Lima en la UPC	2	Changed imagen.	7	1
20	2014-10-31 10:40:45.422138-05	3	I encuentro de ingenieros industriales	2	Changed imagen.	7	1
21	2014-10-31 10:41:08.149566-05	2	Manejo Integral Síndrome Prader Willi	2	Changed imagen.	7	1
22	2014-10-31 10:41:29.154051-05	1	Lo mejor de la logística	2	Changed imagen.	7	1
\.


--
-- Name: django_admin_log_id_seq; Type: SEQUENCE SET; Schema: public; Owner: eventususer
--

SELECT pg_catalog.setval('django_admin_log_id_seq', 22, true);


--
-- Data for Name: django_content_type; Type: TABLE DATA; Schema: public; Owner: eventususer
--

COPY django_content_type (id, name, app_label, model) FROM stdin;
1	log entry	admin	logentry
2	permission	auth	permission
3	group	auth	group
4	content type	contenttypes	contenttype
5	session	sessions	session
6	category	events	category
7	event	events	event
8	assistant	events	assistant
9	comments	events	comments
10	user	users	user
\.


--
-- Name: django_content_type_id_seq; Type: SEQUENCE SET; Schema: public; Owner: eventususer
--

SELECT pg_catalog.setval('django_content_type_id_seq', 10, true);


--
-- Data for Name: django_migrations; Type: TABLE DATA; Schema: public; Owner: eventususer
--

COPY django_migrations (id, app, name, applied) FROM stdin;
1	contenttypes	0001_initial	2014-10-24 17:26:21.227064-05
2	auth	0001_initial	2014-10-24 17:26:22.941766-05
3	users	0001_initial	2014-10-24 17:26:24.754798-05
4	admin	0001_initial	2014-10-24 17:26:25.622197-05
5	events	0001_initial	2014-10-24 17:26:27.283082-05
7	sessions	0001_initial	2014-10-24 17:26:29.720709-05
9	events	0002_auto_20141024_2226	2014-10-24 18:00:23.648934-05
10	events	0002_auto_20141030_1955	2014-10-30 15:18:15.480308-05
\.


--
-- Name: django_migrations_id_seq; Type: SEQUENCE SET; Schema: public; Owner: eventususer
--

SELECT pg_catalog.setval('django_migrations_id_seq', 10, true);


--
-- Data for Name: django_session; Type: TABLE DATA; Schema: public; Owner: eventususer
--

COPY django_session (session_key, session_data, expire_date) FROM stdin;
jq58iqmcelx6mc8nlx3xor1ifeu51b4p	NWEyNDY1M2Y1YmQ2MWM2YmM2MDJhYWU2M2U0YjFlZDIzMWM2YTllYzp7fQ==	2014-11-07 17:26:45.748255-05
4v7w1yhvz09f1dh6l2bkwb93kuwo64y9	NGNkNjRkNTI1YzFkMGY2MTM4MTZhYzZhNDM0ODNmZGU4NGE4YzcwNzp7Il9hdXRoX3VzZXJfaGFzaCI6ImQ0NTZkYzA1Y2QwMjM0ZTY2YjQ0ZTEwMjMyNTYwZTBjNWZiOGM1MmMiLCJfYXV0aF91c2VyX2JhY2tlbmQiOiJkamFuZ28uY29udHJpYi5hdXRoLmJhY2tlbmRzLk1vZGVsQmFja2VuZCIsIl9hdXRoX3VzZXJfaWQiOjF9	2014-11-07 17:30:52.802296-05
cmnk6x7e0jz4f9gen83js09395ti0bwn	NGNkNjRkNTI1YzFkMGY2MTM4MTZhYzZhNDM0ODNmZGU4NGE4YzcwNzp7Il9hdXRoX3VzZXJfaGFzaCI6ImQ0NTZkYzA1Y2QwMjM0ZTY2YjQ0ZTEwMjMyNTYwZTBjNWZiOGM1MmMiLCJfYXV0aF91c2VyX2JhY2tlbmQiOiJkamFuZ28uY29udHJpYi5hdXRoLmJhY2tlbmRzLk1vZGVsQmFja2VuZCIsIl9hdXRoX3VzZXJfaWQiOjF9	2014-11-07 17:30:57.335238-05
38t7khg3wy13r7riy92hap2p3wfenevu	NGNkNjRkNTI1YzFkMGY2MTM4MTZhYzZhNDM0ODNmZGU4NGE4YzcwNzp7Il9hdXRoX3VzZXJfaGFzaCI6ImQ0NTZkYzA1Y2QwMjM0ZTY2YjQ0ZTEwMjMyNTYwZTBjNWZiOGM1MmMiLCJfYXV0aF91c2VyX2JhY2tlbmQiOiJkamFuZ28uY29udHJpYi5hdXRoLmJhY2tlbmRzLk1vZGVsQmFja2VuZCIsIl9hdXRoX3VzZXJfaWQiOjF9	2014-11-07 18:05:05.623068-05
d9d3vz4871gf2rfasdvnj54n1ewdm95m	NWEyNDY1M2Y1YmQ2MWM2YmM2MDJhYWU2M2U0YjFlZDIzMWM2YTllYzp7fQ==	2014-11-13 15:19:03.949347-05
7m4cd313uclopzoufqfmgfrxkxuqgley	NWEyNDY1M2Y1YmQ2MWM2YmM2MDJhYWU2M2U0YjFlZDIzMWM2YTllYzp7fQ==	2014-11-13 15:20:17.909084-05
bvk0edv0xysbdpcpm7novdcvejcrz9qg	NWEyNDY1M2Y1YmQ2MWM2YmM2MDJhYWU2M2U0YjFlZDIzMWM2YTllYzp7fQ==	2014-11-13 15:21:45.582411-05
snjx39tf1ek3dy3p7up85exao5iywb59	NGNkNjRkNTI1YzFkMGY2MTM4MTZhYzZhNDM0ODNmZGU4NGE4YzcwNzp7Il9hdXRoX3VzZXJfaGFzaCI6ImQ0NTZkYzA1Y2QwMjM0ZTY2YjQ0ZTEwMjMyNTYwZTBjNWZiOGM1MmMiLCJfYXV0aF91c2VyX2JhY2tlbmQiOiJkamFuZ28uY29udHJpYi5hdXRoLmJhY2tlbmRzLk1vZGVsQmFja2VuZCIsIl9hdXRoX3VzZXJfaWQiOjF9	2014-11-14 09:34:43.771053-05
\.


--
-- Data for Name: events_assistant; Type: TABLE DATA; Schema: public; Owner: eventususer
--

COPY events_assistant (id, created, modified, attended, has_paid, assistant_id) FROM stdin;
\.


--
-- Data for Name: events_assistant_event; Type: TABLE DATA; Schema: public; Owner: eventususer
--

COPY events_assistant_event (id, assistant_id, event_id) FROM stdin;
\.


--
-- Name: events_assistant_event_id_seq; Type: SEQUENCE SET; Schema: public; Owner: eventususer
--

SELECT pg_catalog.setval('events_assistant_event_id_seq', 1, false);


--
-- Name: events_assistant_id_seq; Type: SEQUENCE SET; Schema: public; Owner: eventususer
--

SELECT pg_catalog.setval('events_assistant_id_seq', 1, false);


--
-- Data for Name: events_category; Type: TABLE DATA; Schema: public; Owner: eventususer
--

COPY events_category (id, name, slug) FROM stdin;
1	Negocios	negocios
2	Tecnología	tecnologia
3	Salud	salud
4	Películas	peliculas
5	Deportes	deportes
6	Familia	familia
7	Otros	otros
\.


--
-- Name: events_category_id_seq; Type: SEQUENCE SET; Schema: public; Owner: eventususer
--

SELECT pg_catalog.setval('events_category_id_seq', 7, true);


--
-- Data for Name: events_comments; Type: TABLE DATA; Schema: public; Owner: eventususer
--

COPY events_comments (id, created, modified, content, event_id, user_id) FROM stdin;
\.


--
-- Name: events_comments_id_seq; Type: SEQUENCE SET; Schema: public; Owner: eventususer
--

SELECT pg_catalog.setval('events_comments_id_seq', 1, false);


--
-- Data for Name: events_event; Type: TABLE DATA; Schema: public; Owner: eventususer
--

COPY events_event (id, created, modified, name, slug, summary, content, place, start, finish, imagen, is_free, amount, views, category_id, organizer_id) FROM stdin;
6	2014-10-24 18:14:33.069705-05	2014-10-31 10:39:22.212752-05	Lima DevFest 2014	lima-devfest-2014	Es Uno de los Eventos Mas Grandes del Mundo Patrocinado por Google y Organizado Por las Comunidades de Desarrollo de Google, el Evento esta Enfocado para aquellos Amantes en Desarrollo, Diseño, etc\r\n	Es Uno de los Eventos Mas Grandes del Mundo Patrocinado por Google y Organizado Por las Comunidades de Desarrollo de Google, el Evento esta Enfocado para aquellos Amantes en Desarrollo, Diseño, etc\r\n\r\nSi eres Desarrollador y eres de los AEE Personas Que les apasiona Aprender, te invitamos a Participar del Lima DevFest 2014 un realizarse el Sábado 8 en la Universidad Ricardo Palma, En Esta Ocasión el Evento ESTA SIENDO Organizado Por las 3 Comunidades de Desarrolladores de Google localizadas en Lima .	Universidad Ricardo Palma   de Lima , Lima 	2014-11-08 03:00:00-05	2014-11-08 13:30:00-05	events/evento3.png	t	0.00	0	2	2
5	2014-10-24 18:13:13.732607-05	2014-10-31 10:39:58.32723-05	Fundamentos para crear páginas webs con wordpress	fundamentos-para-crear-paginas-webs-con-wordpress	El taller 'AprendeWordpress' es un taller presencial práctico que consta de 1 día intensivo de 3 horas. Este taller está dirigido hacia jóvenes estudiantes que deseen aprender cómo construir, crear y configurar un sitio web en internet.	\r\n\r\nEl taller 'AprendeWordpress' es un taller presencial práctico que consta de 1 día intensivo de 3 horas. Este taller está dirigido hacia jóvenes estudiantes que deseen aprender cómo construir, crear y configurar un sitio web en internet. Al finalizar el taller cada estudiante estará listo para publicar su sitio web en internet.\r\n\r\n¿Dónde? PUCP - pabellón Z - aula 412\r\n¿Cuando? Viernes 31 de Octubre 6:00pm - 9:00pm\r\n¿Costo? Gratuito para los miembros de la Red E-QUIPU.\r\n¿Qué necesito llevar? Laptop, muchas ganas de aprender y buen humor :)\r\n\r\nEste será un taller muy interactivo, y provechoso para todas aquellas personas que quieran aprender a crear una sitio web o un blog con wordpress.	Pontificia Universidad Católica	2014-10-31 13:00:00-05	2014-10-31 16:00:00-05	events/evento3_IufcnS5.png	t	0.00	0	2	3
4	2014-10-24 18:10:42.062112-05	2014-10-31 10:40:17.513128-05	Coderetreat 2014 - Lima en la UPC	coderetreat-2014-lima-en-la-upc	Evento mundial para celebrar la pasion por el software.	El Global Day of Coderetreat es un evento mundial para celebrar la pasión por el software y por el Craftmanship donde muchos desarrolladores buscan y ponen en practica sus cualidades de Artesano de Software (en contraste al Arqueologo de Software).	Santiago de Surco, Lima Region 15023 Peru	2014-11-15 05:00:00-05	2014-11-15 14:00:00-05	events/evento2.png	t	0.00	0	2	3
3	2014-10-24 18:07:26.74412-05	2014-10-31 10:40:45.393102-05	I encuentro de ingenieros industriales	i-encuentro-de-ingenieros-industriales	I ENCUENTRO CON GRADUADOS DE LA CARRERA DE INGENIERÍA INDUSTRIAL DE LA UNIVERSIDAD DE LIMA 	Presentar la  trayectoria y experiencia de destacados graduados que compartirán sus reflexiones sobre los retos del presente y futuro del Ingeniero Industrial en el Perú y el Mundo.	Av. Javier Prado Este cuadra 46, Santiago de Surco	2014-10-24 14:00:00-05	2014-10-24 18:00:00-05	events/evento2_a0yEovu.png	t	0.00	0	1	2
2	2014-10-24 18:07:25.849549-05	2014-10-31 10:41:08.095535-05	Manejo Integral Síndrome Prader Willi	manejo-integral-sindrome-prader-willi	Brindar información y asesoramiento acerca del manejo integral de sujetos con el Síndrome de Prader Willi.	OBJETIVO\r\nBrindar información y asesoramiento acerca del manejo integral de sujetos con el Síndrome de Prader Willi\r\nDIRIGIDO A:\r\n\r\n    Médicos generales, pediatras, neonatólogos, genetistas, endocrinólogos pediátricos, endocrinólogos de adultos, psicólogos, psicoterapeutas, psiquiatras, nutricionistas.\r\n    Familiares y cuidadores de personas con Síndrome de Prader Willi\r\n	Hotel Libertad - Los Eucaliptos 550 San Isidro	2014-11-07 05:00:00-05	2014-11-08 15:00:00-05	events/evento.png	t	0.00	0	3	3
1	2014-10-24 18:02:39.459081-05	2014-10-31 10:41:29.095925-05	Lo mejor de la logística	lo-mejor-de-la-logistica	RedPartner Perú y Citrix lo invitan a conocer las tecnologías líderes del mercado.	RedPartner Perú y Citrix lo invitan a conocer las tecnologías líderes del mercado que conforman la solución de movilidad empresarial brindándole un entorno de trabajo siempre conectado aumentando la productividad y compartiendo la información de manera.	Avenida Jorge Basadre 233 piso 4, San Isidro, Lima	2014-10-29 03:00:00-05	2014-10-29 06:00:00-05	events/evento_HFKQ1lo.png	t	0.00	0	1	3
\.


--
-- Name: events_event_id_seq; Type: SEQUENCE SET; Schema: public; Owner: eventususer
--

SELECT pg_catalog.setval('events_event_id_seq', 6, true);


--
-- Data for Name: users_user; Type: TABLE DATA; Schema: public; Owner: eventususer
--

COPY users_user (id, password, last_login, is_superuser, username, email, first_name, last_name, avatar, is_active, is_staff) FROM stdin;
2	juliogrados	2014-10-24 17:37:25-05	f	juliogrados	grados_22@hotmail.com	julio	grados	users/icon.jpg	t	f
3	victorvillazon	2014-10-24 17:37:11-05	f	victorvillazon	victorvillazon@gmail.com	Victor	Villazón	users/home.png	t	f
1	pbkdf2_sha256$12000$IepawdsMlqYD$NLhjDEK87fJtcIIhCSRyOsFbwepIq6W9Nakjl6bGF80=	2014-10-31 09:34:43.701011-05	t	admin	admin@gmail.com				t	t
\.


--
-- Data for Name: users_user_groups; Type: TABLE DATA; Schema: public; Owner: eventususer
--

COPY users_user_groups (id, user_id, group_id) FROM stdin;
\.


--
-- Name: users_user_groups_id_seq; Type: SEQUENCE SET; Schema: public; Owner: eventususer
--

SELECT pg_catalog.setval('users_user_groups_id_seq', 1, false);


--
-- Name: users_user_id_seq; Type: SEQUENCE SET; Schema: public; Owner: eventususer
--

SELECT pg_catalog.setval('users_user_id_seq', 3, true);


--
-- Data for Name: users_user_user_permissions; Type: TABLE DATA; Schema: public; Owner: eventususer
--

COPY users_user_user_permissions (id, user_id, permission_id) FROM stdin;
\.


--
-- Name: users_user_user_permissions_id_seq; Type: SEQUENCE SET; Schema: public; Owner: eventususer
--

SELECT pg_catalog.setval('users_user_user_permissions_id_seq', 1, false);


--
-- Name: auth_group_name_key; Type: CONSTRAINT; Schema: public; Owner: eventususer; Tablespace: 
--

ALTER TABLE ONLY auth_group
    ADD CONSTRAINT auth_group_name_key UNIQUE (name);


--
-- Name: auth_group_permissions_group_id_permission_id_key; Type: CONSTRAINT; Schema: public; Owner: eventususer; Tablespace: 
--

ALTER TABLE ONLY auth_group_permissions
    ADD CONSTRAINT auth_group_permissions_group_id_permission_id_key UNIQUE (group_id, permission_id);


--
-- Name: auth_group_permissions_pkey; Type: CONSTRAINT; Schema: public; Owner: eventususer; Tablespace: 
--

ALTER TABLE ONLY auth_group_permissions
    ADD CONSTRAINT auth_group_permissions_pkey PRIMARY KEY (id);


--
-- Name: auth_group_pkey; Type: CONSTRAINT; Schema: public; Owner: eventususer; Tablespace: 
--

ALTER TABLE ONLY auth_group
    ADD CONSTRAINT auth_group_pkey PRIMARY KEY (id);


--
-- Name: auth_permission_content_type_id_codename_key; Type: CONSTRAINT; Schema: public; Owner: eventususer; Tablespace: 
--

ALTER TABLE ONLY auth_permission
    ADD CONSTRAINT auth_permission_content_type_id_codename_key UNIQUE (content_type_id, codename);


--
-- Name: auth_permission_pkey; Type: CONSTRAINT; Schema: public; Owner: eventususer; Tablespace: 
--

ALTER TABLE ONLY auth_permission
    ADD CONSTRAINT auth_permission_pkey PRIMARY KEY (id);


--
-- Name: django_admin_log_pkey; Type: CONSTRAINT; Schema: public; Owner: eventususer; Tablespace: 
--

ALTER TABLE ONLY django_admin_log
    ADD CONSTRAINT django_admin_log_pkey PRIMARY KEY (id);


--
-- Name: django_content_type_app_label_3ec8c61c_uniq; Type: CONSTRAINT; Schema: public; Owner: eventususer; Tablespace: 
--

ALTER TABLE ONLY django_content_type
    ADD CONSTRAINT django_content_type_app_label_3ec8c61c_uniq UNIQUE (app_label, model);


--
-- Name: django_content_type_pkey; Type: CONSTRAINT; Schema: public; Owner: eventususer; Tablespace: 
--

ALTER TABLE ONLY django_content_type
    ADD CONSTRAINT django_content_type_pkey PRIMARY KEY (id);


--
-- Name: django_migrations_pkey; Type: CONSTRAINT; Schema: public; Owner: eventususer; Tablespace: 
--

ALTER TABLE ONLY django_migrations
    ADD CONSTRAINT django_migrations_pkey PRIMARY KEY (id);


--
-- Name: django_session_pkey; Type: CONSTRAINT; Schema: public; Owner: eventususer; Tablespace: 
--

ALTER TABLE ONLY django_session
    ADD CONSTRAINT django_session_pkey PRIMARY KEY (session_key);


--
-- Name: events_assistant_event_assistant_id_event_id_key; Type: CONSTRAINT; Schema: public; Owner: eventususer; Tablespace: 
--

ALTER TABLE ONLY events_assistant_event
    ADD CONSTRAINT events_assistant_event_assistant_id_event_id_key UNIQUE (assistant_id, event_id);


--
-- Name: events_assistant_event_pkey; Type: CONSTRAINT; Schema: public; Owner: eventususer; Tablespace: 
--

ALTER TABLE ONLY events_assistant_event
    ADD CONSTRAINT events_assistant_event_pkey PRIMARY KEY (id);


--
-- Name: events_assistant_pkey; Type: CONSTRAINT; Schema: public; Owner: eventususer; Tablespace: 
--

ALTER TABLE ONLY events_assistant
    ADD CONSTRAINT events_assistant_pkey PRIMARY KEY (id);


--
-- Name: events_category_pkey; Type: CONSTRAINT; Schema: public; Owner: eventususer; Tablespace: 
--

ALTER TABLE ONLY events_category
    ADD CONSTRAINT events_category_pkey PRIMARY KEY (id);


--
-- Name: events_comments_pkey; Type: CONSTRAINT; Schema: public; Owner: eventususer; Tablespace: 
--

ALTER TABLE ONLY events_comments
    ADD CONSTRAINT events_comments_pkey PRIMARY KEY (id);


--
-- Name: events_event_name_key; Type: CONSTRAINT; Schema: public; Owner: eventususer; Tablespace: 
--

ALTER TABLE ONLY events_event
    ADD CONSTRAINT events_event_name_key UNIQUE (name);


--
-- Name: events_event_pkey; Type: CONSTRAINT; Schema: public; Owner: eventususer; Tablespace: 
--

ALTER TABLE ONLY events_event
    ADD CONSTRAINT events_event_pkey PRIMARY KEY (id);


--
-- Name: users_user_groups_pkey; Type: CONSTRAINT; Schema: public; Owner: eventususer; Tablespace: 
--

ALTER TABLE ONLY users_user_groups
    ADD CONSTRAINT users_user_groups_pkey PRIMARY KEY (id);


--
-- Name: users_user_groups_user_id_group_id_key; Type: CONSTRAINT; Schema: public; Owner: eventususer; Tablespace: 
--

ALTER TABLE ONLY users_user_groups
    ADD CONSTRAINT users_user_groups_user_id_group_id_key UNIQUE (user_id, group_id);


--
-- Name: users_user_pkey; Type: CONSTRAINT; Schema: public; Owner: eventususer; Tablespace: 
--

ALTER TABLE ONLY users_user
    ADD CONSTRAINT users_user_pkey PRIMARY KEY (id);


--
-- Name: users_user_user_permissions_pkey; Type: CONSTRAINT; Schema: public; Owner: eventususer; Tablespace: 
--

ALTER TABLE ONLY users_user_user_permissions
    ADD CONSTRAINT users_user_user_permissions_pkey PRIMARY KEY (id);


--
-- Name: users_user_user_permissions_user_id_permission_id_key; Type: CONSTRAINT; Schema: public; Owner: eventususer; Tablespace: 
--

ALTER TABLE ONLY users_user_user_permissions
    ADD CONSTRAINT users_user_user_permissions_user_id_permission_id_key UNIQUE (user_id, permission_id);


--
-- Name: users_user_username_key; Type: CONSTRAINT; Schema: public; Owner: eventususer; Tablespace: 
--

ALTER TABLE ONLY users_user
    ADD CONSTRAINT users_user_username_key UNIQUE (username);


--
-- Name: auth_group_permissions_0e939a4f; Type: INDEX; Schema: public; Owner: eventususer; Tablespace: 
--

CREATE INDEX auth_group_permissions_0e939a4f ON auth_group_permissions USING btree (group_id);


--
-- Name: auth_group_permissions_8373b171; Type: INDEX; Schema: public; Owner: eventususer; Tablespace: 
--

CREATE INDEX auth_group_permissions_8373b171 ON auth_group_permissions USING btree (permission_id);


--
-- Name: auth_permission_417f1b1c; Type: INDEX; Schema: public; Owner: eventususer; Tablespace: 
--

CREATE INDEX auth_permission_417f1b1c ON auth_permission USING btree (content_type_id);


--
-- Name: django_admin_log_417f1b1c; Type: INDEX; Schema: public; Owner: eventususer; Tablespace: 
--

CREATE INDEX django_admin_log_417f1b1c ON django_admin_log USING btree (content_type_id);


--
-- Name: django_admin_log_e8701ad4; Type: INDEX; Schema: public; Owner: eventususer; Tablespace: 
--

CREATE INDEX django_admin_log_e8701ad4 ON django_admin_log USING btree (user_id);


--
-- Name: django_session_de54fa62; Type: INDEX; Schema: public; Owner: eventususer; Tablespace: 
--

CREATE INDEX django_session_de54fa62 ON django_session USING btree (expire_date);


--
-- Name: events_assistant_3e097836; Type: INDEX; Schema: public; Owner: eventususer; Tablespace: 
--

CREATE INDEX events_assistant_3e097836 ON events_assistant USING btree (assistant_id);


--
-- Name: events_assistant_event_3e097836; Type: INDEX; Schema: public; Owner: eventususer; Tablespace: 
--

CREATE INDEX events_assistant_event_3e097836 ON events_assistant_event USING btree (assistant_id);


--
-- Name: events_assistant_event_4437cfac; Type: INDEX; Schema: public; Owner: eventususer; Tablespace: 
--

CREATE INDEX events_assistant_event_4437cfac ON events_assistant_event USING btree (event_id);


--
-- Name: events_category_2dbcba41; Type: INDEX; Schema: public; Owner: eventususer; Tablespace: 
--

CREATE INDEX events_category_2dbcba41 ON events_category USING btree (slug);


--
-- Name: events_comments_4437cfac; Type: INDEX; Schema: public; Owner: eventususer; Tablespace: 
--

CREATE INDEX events_comments_4437cfac ON events_comments USING btree (event_id);


--
-- Name: events_comments_e8701ad4; Type: INDEX; Schema: public; Owner: eventususer; Tablespace: 
--

CREATE INDEX events_comments_e8701ad4 ON events_comments USING btree (user_id);


--
-- Name: events_event_24107bbc; Type: INDEX; Schema: public; Owner: eventususer; Tablespace: 
--

CREATE INDEX events_event_24107bbc ON events_event USING btree (organizer_id);


--
-- Name: events_event_2dbcba41; Type: INDEX; Schema: public; Owner: eventususer; Tablespace: 
--

CREATE INDEX events_event_2dbcba41 ON events_event USING btree (slug);


--
-- Name: events_event_b583a629; Type: INDEX; Schema: public; Owner: eventususer; Tablespace: 
--

CREATE INDEX events_event_b583a629 ON events_event USING btree (category_id);


--
-- Name: users_user_groups_0e939a4f; Type: INDEX; Schema: public; Owner: eventususer; Tablespace: 
--

CREATE INDEX users_user_groups_0e939a4f ON users_user_groups USING btree (group_id);


--
-- Name: users_user_groups_e8701ad4; Type: INDEX; Schema: public; Owner: eventususer; Tablespace: 
--

CREATE INDEX users_user_groups_e8701ad4 ON users_user_groups USING btree (user_id);


--
-- Name: users_user_user_permissions_8373b171; Type: INDEX; Schema: public; Owner: eventususer; Tablespace: 
--

CREATE INDEX users_user_user_permissions_8373b171 ON users_user_user_permissions USING btree (permission_id);


--
-- Name: users_user_user_permissions_e8701ad4; Type: INDEX; Schema: public; Owner: eventususer; Tablespace: 
--

CREATE INDEX users_user_user_permissions_e8701ad4 ON users_user_user_permissions USING btree (user_id);


--
-- Name: auth_group_permiss_permission_id_23962d04_fk_auth_permission_id; Type: FK CONSTRAINT; Schema: public; Owner: eventususer
--

ALTER TABLE ONLY auth_group_permissions
    ADD CONSTRAINT auth_group_permiss_permission_id_23962d04_fk_auth_permission_id FOREIGN KEY (permission_id) REFERENCES auth_permission(id) DEFERRABLE INITIALLY DEFERRED;


--
-- Name: auth_group_permissions_group_id_58c48ba9_fk_auth_group_id; Type: FK CONSTRAINT; Schema: public; Owner: eventususer
--

ALTER TABLE ONLY auth_group_permissions
    ADD CONSTRAINT auth_group_permissions_group_id_58c48ba9_fk_auth_group_id FOREIGN KEY (group_id) REFERENCES auth_group(id) DEFERRABLE INITIALLY DEFERRED;


--
-- Name: auth_permiss_content_type_id_51277a81_fk_django_content_type_id; Type: FK CONSTRAINT; Schema: public; Owner: eventususer
--

ALTER TABLE ONLY auth_permission
    ADD CONSTRAINT auth_permiss_content_type_id_51277a81_fk_django_content_type_id FOREIGN KEY (content_type_id) REFERENCES django_content_type(id) DEFERRABLE INITIALLY DEFERRED;


--
-- Name: django_admin_content_type_id_5151027a_fk_django_content_type_id; Type: FK CONSTRAINT; Schema: public; Owner: eventususer
--

ALTER TABLE ONLY django_admin_log
    ADD CONSTRAINT django_admin_content_type_id_5151027a_fk_django_content_type_id FOREIGN KEY (content_type_id) REFERENCES django_content_type(id) DEFERRABLE INITIALLY DEFERRED;


--
-- Name: django_admin_log_user_id_1c5f563_fk_users_user_id; Type: FK CONSTRAINT; Schema: public; Owner: eventususer
--

ALTER TABLE ONLY django_admin_log
    ADD CONSTRAINT django_admin_log_user_id_1c5f563_fk_users_user_id FOREIGN KEY (user_id) REFERENCES users_user(id) DEFERRABLE INITIALLY DEFERRED;


--
-- Name: events_assistant_assistant_id_6ae303cd_fk_users_user_id; Type: FK CONSTRAINT; Schema: public; Owner: eventususer
--

ALTER TABLE ONLY events_assistant
    ADD CONSTRAINT events_assistant_assistant_id_6ae303cd_fk_users_user_id FOREIGN KEY (assistant_id) REFERENCES users_user(id) DEFERRABLE INITIALLY DEFERRED;


--
-- Name: events_assistant_e_assistant_id_3cd58bb2_fk_events_assistant_id; Type: FK CONSTRAINT; Schema: public; Owner: eventususer
--

ALTER TABLE ONLY events_assistant_event
    ADD CONSTRAINT events_assistant_e_assistant_id_3cd58bb2_fk_events_assistant_id FOREIGN KEY (assistant_id) REFERENCES events_assistant(id) DEFERRABLE INITIALLY DEFERRED;


--
-- Name: events_assistant_event_event_id_2960ce22_fk_events_event_id; Type: FK CONSTRAINT; Schema: public; Owner: eventususer
--

ALTER TABLE ONLY events_assistant_event
    ADD CONSTRAINT events_assistant_event_event_id_2960ce22_fk_events_event_id FOREIGN KEY (event_id) REFERENCES events_event(id) DEFERRABLE INITIALLY DEFERRED;


--
-- Name: events_comments_event_id_7ff23a68_fk_events_event_id; Type: FK CONSTRAINT; Schema: public; Owner: eventususer
--

ALTER TABLE ONLY events_comments
    ADD CONSTRAINT events_comments_event_id_7ff23a68_fk_events_event_id FOREIGN KEY (event_id) REFERENCES events_event(id) DEFERRABLE INITIALLY DEFERRED;


--
-- Name: events_comments_user_id_29cc6f74_fk_users_user_id; Type: FK CONSTRAINT; Schema: public; Owner: eventususer
--

ALTER TABLE ONLY events_comments
    ADD CONSTRAINT events_comments_user_id_29cc6f74_fk_users_user_id FOREIGN KEY (user_id) REFERENCES users_user(id) DEFERRABLE INITIALLY DEFERRED;


--
-- Name: events_event_category_id_7f87e070_fk_events_category_id; Type: FK CONSTRAINT; Schema: public; Owner: eventususer
--

ALTER TABLE ONLY events_event
    ADD CONSTRAINT events_event_category_id_7f87e070_fk_events_category_id FOREIGN KEY (category_id) REFERENCES events_category(id) DEFERRABLE INITIALLY DEFERRED;


--
-- Name: events_event_organizer_id_2989c236_fk_users_user_id; Type: FK CONSTRAINT; Schema: public; Owner: eventususer
--

ALTER TABLE ONLY events_event
    ADD CONSTRAINT events_event_organizer_id_2989c236_fk_users_user_id FOREIGN KEY (organizer_id) REFERENCES users_user(id) DEFERRABLE INITIALLY DEFERRED;


--
-- Name: users_user_groups_group_id_4a1739d2_fk_auth_group_id; Type: FK CONSTRAINT; Schema: public; Owner: eventususer
--

ALTER TABLE ONLY users_user_groups
    ADD CONSTRAINT users_user_groups_group_id_4a1739d2_fk_auth_group_id FOREIGN KEY (group_id) REFERENCES auth_group(id) DEFERRABLE INITIALLY DEFERRED;


--
-- Name: users_user_groups_user_id_6549f6f5_fk_users_user_id; Type: FK CONSTRAINT; Schema: public; Owner: eventususer
--

ALTER TABLE ONLY users_user_groups
    ADD CONSTRAINT users_user_groups_user_id_6549f6f5_fk_users_user_id FOREIGN KEY (user_id) REFERENCES users_user(id) DEFERRABLE INITIALLY DEFERRED;


--
-- Name: users_user_user_pe_permission_id_3ff79df3_fk_auth_permission_id; Type: FK CONSTRAINT; Schema: public; Owner: eventususer
--

ALTER TABLE ONLY users_user_user_permissions
    ADD CONSTRAINT users_user_user_pe_permission_id_3ff79df3_fk_auth_permission_id FOREIGN KEY (permission_id) REFERENCES auth_permission(id) DEFERRABLE INITIALLY DEFERRED;


--
-- Name: users_user_user_permissions_user_id_23f6d8b9_fk_users_user_id; Type: FK CONSTRAINT; Schema: public; Owner: eventususer
--

ALTER TABLE ONLY users_user_user_permissions
    ADD CONSTRAINT users_user_user_permissions_user_id_23f6d8b9_fk_users_user_id FOREIGN KEY (user_id) REFERENCES users_user(id) DEFERRABLE INITIALLY DEFERRED;


--
-- Name: public; Type: ACL; Schema: -; Owner: postgres
--

REVOKE ALL ON SCHEMA public FROM PUBLIC;
REVOKE ALL ON SCHEMA public FROM postgres;
GRANT ALL ON SCHEMA public TO postgres;
GRANT ALL ON SCHEMA public TO PUBLIC;


--
-- PostgreSQL database dump complete
--

